"text","intent","category","confidence"
"Bà ngoại bị mệt mỏi","symptom_inquiry","triệu_chứng","1.0"
"Làm sao để chữa sốt?","symptom_inquiry","triệu_chứng","1.0"
"Tuần này mệt mỏi","symptom_inquiry","triệu_chứng","1.0"
"amoxicillin là thuốc gì","drug_question","thuốc","1.0"
"Có dấu hiệu mệt mỏi","symptom_inquiry","triệu_chứng","1.0"
"Xin chào bác sĩ ơi","greeting","chào_hỏi","1.0"
"Tôi thấy mệt mỏi","symptom_inquiry","triệu_chứng","1.0"
"Xem hay 268","unknown","không_xác_định","1.0"
"Liều lượng thuốc amoxicillin","dosage_question","liều_lượng","1.0"
"Sau khi uống aspirin bị đau đầu","side_effects","tác_dụng_phụ","1.0"
"Cách giữ gìn sức khỏe","general_health","sức_khỏe_tổng_quát","1.0"
"Có triệu chứng đau đầu","symptom_inquiry","triệu_chứng","1.0"
"Xuất hiện triệu chứng đau bụng","symptom_inquiry","triệu_chứng","1.0"
"Mấy ngày nay ho","symptom_inquiry","triệu_chứng","1.0"
"Thuốc paracetamol uống trước hay sau ăn","dosage_question","liều_lượng","1.0"
"Thuốc amoxicillin uống lúc nào","dosage_question","liều_lượng","1.0"
"Tăng cường đề kháng","general_health","sức_khỏe_tổng_quát","1.0"
"Thuốc paracetamol có tác dụng phụ gì","side_effects","tác_dụng_phụ","1.0"
"Tuần này sốt","symptom_inquiry","triệu_chứng","1.0"
"Thuốc paracetamol có an toàn không","drug_question","thuốc","1.0"
"Help! sốc phản vệ","emergency","cấp_cứu","1.0"
"Xem đẹp 181","unknown","không_xác_định","1.0"
"Con tôi bị ho","symptom_inquiry","triệu_chứng","1.0"
"SOS! tim ngừng đập","emergency","cấp_cứu","1.0"
"Tác dụng không mong muốn của paracetamol là gì?","side_effects","tác_dụng_phụ","1.0"
"aspirin là thuốc gì","drug_question","thuốc","1.0"
"Cách sử dụng thuốc amoxicillin","drug_question","thuốc","1.0"
"Làm sao để chữa đau đầu?","symptom_inquiry","triệu_chứng","1.0"
"Cách sống khỏe mạnh","general_health","sức_khỏe_tổng_quát","1.0"
"Đang bị đau đầu","symptom_inquiry","triệu_chứng","1.0"
"Cần uống thuốc amoxicillin bao lâu","drug_question","thuốc","1.0"
"Thuốc paracetamol uống lúc nào","dosage_question","liều_lượng","1.0"
"Gặp phải tình trạng ho","symptom_inquiry","triệu_chứng","1.0"
"Thuốc paracetamol có hại gì không","side_effects","tác_dụng_phụ","1.0"
"paracetamol có tác dụng phụ gì không","drug_question","thuốc","1.0"
"Uống paracetamol bao nhiêu mg một ngày?","dosage_question","liều_lượng","1.0"
"Ông ấy bị ho","symptom_inquiry","triệu_chứng","1.0"
"Cấp cứu! gãy xương hở","emergency","cấp_cứu","1.0"
"Có triệu chứng mệt mỏi","symptom_inquiry","triệu_chứng","1.0"
"Báo động đỏ: co giật","emergency","cấp_cứu","1.0"
"Thuốc paracetamol uống bao nhiêu viên","dosage_question","liều_lượng","1.0"
"Tuần này đau bụng","symptom_inquiry","triệu_chứng","1.0"
"Thuốc aspirin có hiệu quả không","drug_question","thuốc","1.0"
"Xuất hiện triệu chứng mệt mỏi","symptom_inquiry","triệu_chứng","1.0"
"Ông cụ 82 tuổi ho đờm có máu và khó thở khi nằm ngửa","emergency","emergency","1.0"
"Uống A chung với B được không?","drug_interaction","drug_interaction","1.0"
"Thuốc ibuprofen có độc hại không","side_effects","tác_dụng_phụ","1.0"
"Tác dụng không mong muốn của aspirin là gì?","side_effects","tác_dụng_phụ","1.0"
"Cách sử dụng paracetamol đúng","dosage_question","liều_lượng","1.0"
"Liều khởi đầu của amoxicillin","dosage_question","liều_lượng","1.0"
"Mua thuốc amoxicillin ở đâu","drug_question","thuốc","1.0"
"Tôi cần tư vấn","greeting","chào_hỏi","1.0"
"Thuốc amoxicillin làm tôi đau đầu","side_effects","tác_dụng_phụ","1.0"
"paracetamol là thuốc gì","drug_question","thuốc","1.0"
"Mẹ tôi bị đau đầu","symptom_inquiry","triệu_chứng","1.0"
"Ăn vui 667","unknown","không_xác_định","1.0"
"Help! chảy máu nhiều","emergency","cấp_cứu","1.0"
"Từ hôm qua đau bụng","symptom_inquiry","triệu_chứng","1.0"
"Liều lượng thuốc aspirin","drug_question","thuốc","1.0"
"Cấp cứu! chảy máu nhiều","emergency","cấp_cứu","1.0"
"Liều dùng của aspirin","dosage_question","liều_lượng","1.0"
"Thuốc amoxicillin có tác dụng gì","drug_question","thuốc","1.0"
"Bảo vệ sức khỏe","general_health","sức_khỏe_tổng_quát","1.0"
"SOS! chảy máu nhiều","emergency","cấp_cứu","1.0"
"Bệnh nhân nữ 29 tuổi mang thai 28 tuần bị tiền sản giật nặng cần làm gì?","emergency","emergency","1.0"
"Giá thuốc aspirin bao nhiêu","drug_question","thuốc","1.0"
"Liều lượng thuốc paracetamol","drug_question","thuốc","1.0"
"Giá thuốc paracetamol bao nhiêu","drug_question","thuốc","1.0"
"Thuốc amoxicillin chữa bệnh gì","drug_question","thuốc","1.0"
"Em bé bị ho","symptom_inquiry","triệu_chứng","1.0"
"Thuốc ibuprofen gây ra triệu chứng gì","side_effects","tác_dụng_phụ","1.0"
"Tác dụng phụ của aspirin","side_effects","tác_dụng_phụ","1.0"
"Xem đẹp 279","unknown","không_xác_định","1.0"
"Help! gãy xương hở","emergency","cấp_cứu","1.0"
"Xem hay 446","unknown","không_xác_định","1.0"
"Tác dụng của thuốc paracetamol","drug_question","thuốc","1.0"
"Cho tôi hỏi về thuốc amoxicillin","drug_question","thuốc","1.0"
"Mẹ tôi bị mệt mỏi","symptom_inquiry","triệu_chứng","1.0"
"Bị đau đầu phải làm sao?","symptom_inquiry","triệu_chứng","1.0"
"Thuốc aspirin có độc hại không","side_effects","tác_dụng_phụ","1.0"
"Cách ăn uống để tăng cân?","general_health","sức_khỏe_tổng_quát","1.0"
"Thuốc amoxicillin có hiệu quả không","drug_question","thuốc","1.0"
"Hello","greeting","chào_hỏi","1.0"
"Mua thuốc aspirin ở đâu","drug_question","thuốc","1.0"
"Uống aspirin có ảnh hưởng gì","side_effects","tác_dụng_phụ","1.0"
"ho là bệnh gì?","symptom_inquiry","triệu_chứng","1.0"
"Người bệnh suy tim độ 3 có thể phẫu thuật thay khớp háng được không?","emergency","emergency","1.0"
"Tôi thấy sốt","symptom_inquiry","triệu_chứng","1.0"
"Thông tin về amoxicillin","drug_question","thuốc","1.0"
"Help! khó thở nghiêm trọng","emergency","cấp_cứu","1.0"
"Tình trạng nguy kịch: gãy xương hở","emergency","cấp_cứu","1.0"
"SOS! Người phụ nữ 45 tuổi bị va chạm xe máy gãy cẳng chân hở","emergency","emergency","1.0"
"Thuốc ibuprofen uống trước hay sau ăn","dosage_question","liều_lượng","1.0"
"Ăn tốt 960","unknown","không_xác_định","1.0"
"Cần uống thuốc ibuprofen bao lâu","drug_question","thuốc","1.0"
"Lời khuyên sức khỏe","general_health","sức_khỏe_tổng_quát","1.0"
"Gấp! tim ngừng đập","emergency","cấp_cứu","1.0"
"Có ai ở đó không?","greeting","chào_hỏi","1.0"
"Tôi bị sốt","symptom_inquiry","triệu_chứng","1.0"
"Mẹ tôi bị sốt","symptom_inquiry","triệu_chứng","1.0"
"Sau khi uống amoxicillin bị chóng mặt","side_effects","tác_dụng_phụ","1.0"
"Chị ấy bị sốt","symptom_inquiry","triệu_chứng","1.0"
"Cách chăm sóc sức khỏe","general_health","sức_khỏe_tổng_quát","1.0"
"Ngủ nghỉ đủ giấc","general_health","sức_khỏe_tổng_quát","1.0"
"Phẫu thuật thay khớp háng có nguy hiểm không?","medical_procedure","medical_procedure","1.0"
"Cho tôi hỏi","greeting","chào_hỏi","1.0"
"Tác dụng không mong muốn của ibuprofen là gì?","side_effects","tác_dụng_phụ","1.0"
"Trẻ em uống ibuprofen thế nào?","dosage_question","liều_lượng","1.0"
"Tình trạng nguy kịch: tim ngừng đập","emergency","cấp_cứu","1.0"
"Uống thuốc paracetamol như thế nào","dosage_question","liều_lượng","1.0"
"*Liều lượng* gia vị cho món súp","unknown","không_xác_định","1.0"
"Cách sử dụng thuốc paracetamol","drug_question","thuốc","1.0"
"Giá thuốc ibuprofen bao nhiêu","drug_question","thuốc","1.0"
"Có dấu hiệu ho","symptom_inquiry","triệu_chứng","1.0"
"Có nên ngừng uống paracetamol không vì bị đau đầu","side_effects","tác_dụng_phụ","1.0"
"Thuốc aspirin chữa bệnh gì","drug_question","thuốc","1.0"
"Thuốc amoxicillin có an toàn không","drug_question","thuốc","1.0"
"Cách dùng thuốc paracetamol","dosage_question","liều_lượng","1.0"
"Làm sao để giảm cân?","general_health","sức_khỏe_tổng_quát","1.0"
"Con tôi bị đau đầu","symptom_inquiry","triệu_chứng","1.0"
"Chào buổi chiều","greeting","chào_hỏi","1.0"
"Thuốc ibuprofen có gây buồn nôn không","side_effects","tác_dụng_phụ","1.0"
"Xin chào","greeting","chào_hỏi","1.0"
"Có triệu chứng ho","symptom_inquiry","triệu_chứng","1.0"
"Liều dùng của paracetamol","dosage_question","liều_lượng","1.0"
"Tôi bị mệt mỏi","symptom_inquiry","triệu_chứng","1.0"
"Liều lượng thuốc ibuprofen","drug_question","thuốc","1.0"
"ibuprofen là thuốc gì","drug_question","thuốc","1.0"
"Phim tốt 380","unknown","không_xác_định","1.0"
"Khẩn cấp! Bé trai 2 tuổi nuốt phải pin cúc áo và khóc thét","emergency","emergency","1.0"
"Sau khi uống amoxicillin bị đau đầu","side_effects","tác_dụng_phụ","1.0"
"Lối sống lành mạnh","general_health","sức_khỏe_tổng_quát","1.0"
"Em bé bị đau bụng","symptom_inquiry","triệu_chứng","1.0"
"Thuốc aspirin có tác dụng gì","drug_question","thuốc","1.0"
"aspirin uống như thế nào?","drug_question","thuốc","1.0"
"Thông tin về ibuprofen","drug_question","thuốc","1.0"
"Chế độ ăn uống lành mạnh","general_health","sức_khỏe_tổng_quát","1.0"
"SOS! khó thở nghiêm trọng","emergency","cấp_cứu","1.0"
"Cần cấp cứu ngay vì khó thở nghiêm trọng","emergency","cấp_cứu","1.0"
"Tôi có thể hỏi bác sĩ không","greeting","chào_hỏi","1.0"
"Hướng dẫn sử dụng aspirin","dosage_question","liều_lượng","1.0"
"Tác hại của thuốc aspirin","side_effects","tác_dụng_phụ","1.0"
"Thuốc paracetamol dùng để làm gì","drug_question","thuốc","1.0"
"Thuốc aspirin dùng để làm gì","drug_question","thuốc","1.0"
"Uống thuốc ibuprofen như thế nào","dosage_question","liều_lượng","1.0"
"Thuốc paracetamol có tác dụng gì","drug_question","thuốc","1.0"
"Gặp phải tình trạng sốt","symptom_inquiry","triệu_chứng","1.0"
"Liều khởi đầu của aspirin","dosage_question","liều_lượng","1.0"
"Đang bị đau bụng","symptom_inquiry","triệu_chứng","1.0"
"Mấy ngày nay mệt mỏi","symptom_inquiry","triệu_chứng","1.0"
"Uống ibuprofen có bị đau đầu không?","side_effects","tác_dụng_phụ","1.0"
"Thuốc aspirin uống mấy lần một ngày","dosage_question","liều_lượng","1.0"
"ibuprofen có tác dụng phụ gì không","drug_question","thuốc","1.0"
"Cảm thấy đau đầu","symptom_inquiry","triệu_chứng","1.0"
"Cách sử dụng aspirin đúng","dosage_question","liều_lượng","1.0"
"Adalimumab có nguy cơ gây nhiễm trùng cơ hội nào?","side_effects","side_effects","1.0"
"SOS! đau ngực dữ dội","emergency","cấp_cứu","1.0"
"Làm sao để chữa ho?","symptom_inquiry","triệu_chứng","1.0"
"Anh ấy bị mệt mỏi","symptom_inquiry","triệu_chứng","1.0"
"Uống amoxicillin bao nhiêu mg một ngày?","dosage_question","liều_lượng","1.0"
"Uống aspirin có bị mệt mỏi không?","side_effects","tác_dụng_phụ","1.0"
"Anh ấy bị sốt","symptom_inquiry","triệu_chứng","1.0"
"Cảm thấy mệt mỏi","symptom_inquiry","triệu_chứng","1.0"
"Giảm căng thẳng","general_health","sức_khỏe_tổng_quát","1.0"
"Thuốc amoxicillin uống trước hay sau ăn","dosage_question","liều_lượng","1.0"
"Xem tốt 997","unknown","không_xác_định","1.0"
"Ông ấy bị sốt","symptom_inquiry","triệu_chứng","1.0"
"Uống thuốc amoxicillin như thế nào","dosage_question","liều_lượng","1.0"
"Ăn tốt 496","unknown","không_xác_định","1.0"
"Tác dụng phụ của amoxicillin","side_effects","tác_dụng_phụ","1.0"
"Thuốc aspirin uống bao nhiêu viên","dosage_question","liều_lượng","1.0"
"Tác dụng của thuốc ibuprofen","drug_question","thuốc","1.0"
"Thuốc aspirin có hại gì không","side_effects","tác_dụng_phụ","1.0"
"Bị đau bụng phải làm sao?","symptom_inquiry","triệu_chứng","1.0"
"Cần cấp cứu ngay vì sốc phản vệ","emergency","cấp_cứu","1.0"
"Có nên ngừng uống ibuprofen không vì bị đau đầu","side_effects","tác_dụng_phụ","1.0"
"paracetamol uống như thế nào?","drug_question","thuốc","1.0"
"đau đầu là bệnh gì?","symptom_inquiry","triệu_chứng","1.0"
"Finasteride có thể gây rối loạn chức năng sinh dục nam không?","side_effects","side_effects","1.0"
"Em bé bị mệt mỏi","symptom_inquiry","triệu_chứng","1.0"
"Uống ibuprofen xong bị mệt mỏi","side_effects","tác_dụng_phụ","1.0"
"Liều tối đa của aspirin","dosage_question","liều_lượng","1.0"
"Bị ho phải làm sao?","symptom_inquiry","triệu_chứng","1.0"
"Tôi thấy đau bụng","symptom_inquiry","triệu_chứng","1.0"
"Có nên ngừng uống amoxicillin không vì bị mệt mỏi","side_effects","tác_dụng_phụ","1.0"
"Uống amoxicillin có bị chóng mặt không?","side_effects","tác_dụng_phụ","1.0"
"Làm sao để chữa mệt mỏi?","symptom_inquiry","triệu_chứng","1.0"
"aspirin có tác dụng phụ gì không","drug_question","thuốc","1.0"
"Uống amoxicillin có ảnh hưởng gì","side_effects","tác_dụng_phụ","1.0"
"Nhạc đẹp 260","unknown","không_xác_định","1.0"
"Thuốc paracetamol chữa bệnh gì","drug_question","thuốc","1.0"
"sốt là bệnh gì?","symptom_inquiry","triệu_chứng","1.0"
"Cách sử dụng ibuprofen đúng","dosage_question","liều_lượng","1.0"
"Thuốc paracetamol có hiệu quả không","drug_question","thuốc","1.0"
"Tình huống khẩn cấp: mất ý thức","emergency","cấp_cứu","1.0"
"Chị ấy bị đau bụng","symptom_inquiry","triệu_chứng","1.0"
"Nhạc đẹp 435","unknown","không_xác_định","1.0"
"Thông tin về aspirin","drug_question","thuốc","1.0"
"Sau khi uống aspirin bị mệt mỏi","side_effects","tác_dụng_phụ","1.0"
"Cần bác sĩ gấp: đột quỵ","emergency","cấp_cứu","1.0"
"Hướng dẫn sử dụng ibuprofen","dosage_question","liều_lượng","1.0"
"Cách sử dụng thuốc ibuprofen","drug_question","thuốc","1.0"
"Tác dụng không mong muốn của amoxicillin là gì?","side_effects","tác_dụng_phụ","1.0"
"Uống aspirin bao nhiêu mg một ngày?","dosage_question","liều_lượng","1.0"
"Làm sao để chữa đau bụng?","symptom_inquiry","triệu_chứng","1.0"
"Xuất hiện triệu chứng đau đầu","symptom_inquiry","triệu_chứng","1.0"
"Khẩn cấp: mất ý thức","emergency","cấp_cứu","1.0"
"Thuốc aspirin có gây chóng mặt không","side_effects","tác_dụng_phụ","1.0"
"Thuốc ibuprofen dùng để làm gì","drug_question","thuốc","1.0"
"Con tôi bị đau bụng","symptom_inquiry","triệu_chứng","1.0"
"Tuần này ho","symptom_inquiry","triệu_chứng","1.0"
"Hi bác sĩ","greeting","chào_hỏi","1.0"
"Thuốc amoxicillin uống bao nhiêu viên","dosage_question","liều_lượng","1.0"
"Mua thuốc ibuprofen ở đâu","drug_question","thuốc","1.0"
"Ăn hay 411","unknown","không_xác_định","1.0"
"Đang bị mệt mỏi","symptom_inquiry","triệu_chứng","1.0"
"Cần cấp cứu ngay! Ông già bị ngạt khói trong đám cháy","emergency","emergency","1.0"
"Anh ấy bị ho","symptom_inquiry","triệu_chứng","1.0"
"Tác hại của thuốc amoxicillin","side_effects","tác_dụng_phụ","1.0"
"Xem tốt 437","unknown","không_xác_định","1.0"
"Help! co giật","emergency","cấp_cứu","1.0"
"amoxicillin có tác dụng phụ gì không","drug_question","thuốc","1.0"
"Cho tôi hỏi về thuốc ibuprofen","drug_question","thuốc","1.0"
"Cần bác sĩ gấp: gãy xương hở","emergency","cấp_cứu","1.0"
"Sau khi uống aspirin bị buồn nôn","side_effects","tác_dụng_phụ","1.0"
"Đi đẹp 420","unknown","không_xác_định","1.0"
"Phim tốt 153","unknown","không_xác_định","1.0"
"Cần uống thuốc aspirin bao lâu","drug_question","thuốc","1.0"
"Help! ngộ độc nghiêm trọng","emergency","cấp_cứu","1.0"
"Tôi bị đau bụng","symptom_inquiry","triệu_chứng","1.0"
"Mấy ngày nay đau bụng","symptom_inquiry","triệu_chứng","1.0"
"Tác dụng của thuốc amoxicillin","drug_question","thuốc","1.0"
"Cần cấp cứu ngay vì tim ngừng đập","emergency","cấp_cứu","1.0"
"Thuốc ibuprofen có an toàn không","drug_question","thuốc","1.0"
"Ông ấy bị đau đầu","symptom_inquiry","triệu_chứng","1.0"
"Thuốc ibuprofen có hại gì không","side_effects","tác_dụng_phụ","1.0"
"Cho tôi hỏi về thuốc paracetamol","drug_question","thuốc","1.0"
"Chào bác sĩ","greeting","chào_hỏi","1.0"
"Mua thuốc paracetamol ở đâu","drug_question","thuốc","1.0"
"Ăn kiêng keto có tốt không?","diet_lifestyle","diet_lifestyle","1.0"
"Thuốc aspirin làm tôi đau đầu","side_effects","tác_dụng_phụ","1.0"
"Gặp phải tình trạng mệt mỏi","symptom_inquiry","triệu_chứng","1.0"
"Uống paracetamol xong bị buồn nôn","side_effects","tác_dụng_phụ","1.0"
"Tôi bị ho","symptom_inquiry","triệu_chứng","1.0"
"Xem vui 872","unknown","không_xác_định","1.0"
"Phim đẹp 395","unknown","không_xác_định","1.0"
"Đi ngon 256","unknown","không_xác_định","1.0"
"Gặp phải tình trạng đau đầu","symptom_inquiry","triệu_chứng","1.0"
"Báo động đỏ: khó thở nghiêm trọng","emergency","cấp_cứu","1.0"
"Con tôi bị sốt","symptom_inquiry","triệu_chứng","1.0"
"Thuốc amoxicillin có độc hại không","side_effects","tác_dụng_phụ","1.0"
"SOS! gãy xương hở","emergency","cấp_cứu","1.0"
"Bà ngoại bị ho","symptom_inquiry","triệu_chứng","1.0"
"Uống amoxicillin xong bị mệt mỏi","side_effects","tác_dụng_phụ","1.0"
"Hội chứng Stevens-Johnson do carbamazepine có nguy hiểm không?","emergency","emergency","1.0"
"Có thể uống cùng lúc lansoprazole và clopidogrel không?","drug_interaction","drug_interaction","1.0"
"Bạn có thể giúp tôi không?","greeting","chào_hỏi","1.0"
"Thuốc aspirin gây ra triệu chứng gì","side_effects","tác_dụng_phụ","1.0"
"Phòng ngừa bệnh tật","general_health","sức_khỏe_tổng_quát","1.0"
"Chào buổi sáng","greeting","chào_hỏi","1.0"
"Mấy ngày nay đau đầu","symptom_inquiry","triệu_chứng","1.0"
"Trẻ em uống aspirin thế nào?","dosage_question","liều_lượng","1.0"
"Sau khi uống ibuprofen bị đau đầu","side_effects","tác_dụng_phụ","1.0"
"Thuốc aspirin uống lúc nào","dosage_question","liều_lượng","1.0"
"Tôi thấy đau đầu","symptom_inquiry","triệu_chứng","1.0"
"Cách dùng thuốc amoxicillin","dosage_question","liều_lượng","1.0"
"Uống amoxicillin có bị buồn nôn không?","side_effects","tác_dụng_phụ","1.0"
"Phim hay 137","unknown","không_xác_định","1.0"
"Đi ngon 752","unknown","không_xác_định","1.0"
"SOS! mất ý thức","emergency","cấp_cứu","1.0"
"Tác dụng phụ của ibuprofen","side_effects","tác_dụng_phụ","1.0"
"Cấp cứu! co giật","emergency","cấp_cứu","1.0"
"Thuốc amoxicillin gây ra triệu chứng gì","side_effects","tác_dụng_phụ","1.0"
"Thuốc ibuprofen có tác dụng gì","drug_question","thuốc","1.0"
"Có nên ngừng uống aspirin không vì bị buồn nôn","side_effects","tác_dụng_phụ","1.0"
"Nhạc tốt 453","unknown","không_xác_định","1.0"
"Liều khởi đầu của paracetamol","dosage_question","liều_lượng","1.0"
"amoxicillin uống như thế nào?","drug_question","thuốc","1.0"
"Phim ngon 967","unknown","không_xác_định","1.0"
"Chào buổi tối","greeting","chào_hỏi","1.0"
"Probiotics nào tốt nhất cho hội chứng ruột kích thích?","diet_lifestyle","diet_lifestyle","1.0"
"Xuất hiện triệu chứng ho","symptom_inquiry","triệu_chứng","1.0"
"Phim ngon 843","unknown","không_xác_định","1.0"
"Cấp cứu! đau ngực dữ dội","emergency","cấp_cứu","1.0"
"Ăn ngon 805","unknown","không_xác_định","1.0"
"Kỹ thuật ECMO có chỉ định trong suy hô hấp nặng COVID-19?","medical_procedure","medical_procedure","1.0"
"Báo động đỏ: mất ý thức","emergency","cấp_cứu","1.0"
"Nhạc đẹp 456","unknown","không_xác_định","1.0"
"Gặp phải tình trạng đau bụng","symptom_inquiry","triệu_chứng","1.0"
"Thuốc amoxicillin có tác dụng phụ gì","side_effects","tác_dụng_phụ","1.0"
"Đi tốt 829","unknown","không_xác_định","1.0"
"Thuốc aspirin làm tôi buồn nôn","side_effects","tác_dụng_phụ","1.0"
"Tác dụng phụ của paracetamol","side_effects","tác_dụng_phụ","1.0"
"123456","unknown","không_xác_định","1.0"
"Đi hay 177","unknown","không_xác_định","1.0"
"Gấp! co giật","emergency","cấp_cứu","1.0"
"Tôi thấy ho","symptom_inquiry","triệu_chứng","1.0"
"Thuốc aspirin có an toàn không","drug_question","thuốc","1.0"
"Cần uống thuốc paracetamol bao lâu","drug_question","thuốc","1.0"
"Thuốc paracetamol có gây chóng mặt không","side_effects","tác_dụng_phụ","1.0"
"Thuốc paracetamol làm tôi mệt mỏi","side_effects","tác_dụng_phụ","1.0"
"Thuốc ibuprofen uống mấy lần một ngày","dosage_question","liều_lượng","1.0"
"Bị sốt phải làm sao?","symptom_inquiry","triệu_chứng","1.0"
"Tác hại của thuốc paracetamol","side_effects","tác_dụng_phụ","1.0"
"Nhạc hay 638","unknown","không_xác_định","1.0"
"Ăn vui 852","unknown","không_xác_định","1.0"
"Tôi bị đau đầu","symptom_inquiry","triệu_chứng","1.0"
"Phim hay 258","unknown","không_xác_định","1.0"
"Tập thể dục như thế nào","general_health","sức_khỏe_tổng_quát","1.0"
"Có nên ngừng uống paracetamol không vì bị buồn nôn","side_effects","tác_dụng_phụ","1.0"
"Thuốc ibuprofen uống bao nhiêu viên","dosage_question","liều_lượng","1.0"
"Tác dụng của thuốc aspirin","drug_question","thuốc","1.0"
"Thuốc amoxicillin dùng để làm gì","drug_question","thuốc","1.0"
"Cách sử dụng thuốc aspirin","drug_question","thuốc","1.0"
"Nhạc đẹp 386","unknown","không_xác_định","1.0"
"Liều dùng của ibuprofen","dosage_question","liều_lượng","1.0"
"Từ hôm qua sốt","symptom_inquiry","triệu_chứng","1.0"
"Sau khi uống ibuprofen bị chóng mặt","side_effects","tác_dụng_phụ","1.0"
"Thuốc ibuprofen làm tôi mệt mỏi","side_effects","tác_dụng_phụ","1.0"
"A và B có kỵ nhau không?","drug_interaction","drug_interaction","1.0"
"Ăn hay 249","unknown","không_xác_định","1.0"
"Khẩn cấp: sốt cao trên 40 độ","emergency","cấp_cứu","1.0"
"Thuốc rosuvastatin có tương tác với thuốc tim digitalis?","drug_interaction","drug_interaction","1.0"
"Uống aspirin có bị đau đầu không?","side_effects","tác_dụng_phụ","1.0"
"Anh ấy bị đau đầu","symptom_inquiry","triệu_chứng","1.0"
"Tình trạng nguy kịch: co giật","emergency","cấp_cứu","1.0"
"Thuốc amoxicillin uống mấy lần một ngày","dosage_question","liều_lượng","1.0"
"Gấp! chảy máu nhiều","emergency","cấp_cứu","1.0"
"Cần bác sĩ gấp: sốt cao trên 40 độ","emergency","cấp_cứu","1.0"
"Có nên ngừng uống ibuprofen không vì bị chóng mặt","side_effects","tác_dụng_phụ","1.0"
"Hướng dẫn sử dụng paracetamol","dosage_question","liều_lượng","1.0"
"Phim hay 810","unknown","không_xác_định","1.0"
"Nhạc ngon 168","unknown","không_xác_định","1.0"
"Thuốc amoxicillin có hại gì không","side_effects","tác_dụng_phụ","1.0"
"Uống aspirin xong bị đau đầu","side_effects","tác_dụng_phụ","1.0"
"Thuốc ibuprofen chữa bệnh gì","drug_question","thuốc","1.0"
"Cấp cứu! ngộ độc nghiêm trọng","emergency","cấp_cứu","1.0"
"Thuốc ibuprofen có hiệu quả không","drug_question","thuốc","1.0"
"ibuprofen uống như thế nào?","drug_question","thuốc","1.0"
"Cảm thấy ho","symptom_inquiry","triệu_chứng","1.0"
"Ăn hay 698","unknown","không_xác_định","1.0"
"Trẻ sơ sinh 3 ngày tuổi vàng da mức bilirubin 18mg/dL cần can thiệp gì?","emergency","emergency","1.0"
"Cần bác sĩ gấp: co giật","emergency","cấp_cứu","1.0"
"Uống amoxicillin xong bị buồn nôn","side_effects","tác_dụng_phụ","1.0"
"Anh ấy bị đau bụng","symptom_inquiry","triệu_chứng","1.0"
"Nhạc tốt 509","unknown","không_xác_định","1.0"
"Trẻ em uống paracetamol thế nào?","dosage_question","liều_lượng","1.0"
"Thuốc ibuprofen có tác dụng phụ gì","side_effects","tác_dụng_phụ","1.0"
"Bà ngoại bị đau đầu","symptom_inquiry","triệu_chứng","1.0"
"Tình trạng nguy kịch: đau ngực dữ dội","emergency","cấp_cứu","1.0"
"Bác sĩ có rảnh không","greeting","chào_hỏi","1.0"
"Đang bị ho","symptom_inquiry","triệu_chứng","1.0"
"Nhạc vui 195","unknown","không_xác_định","1.0"
"Thuốc ibuprofen uống lúc nào","dosage_question","liều_lượng","1.0"
"Tuần này đau đầu","symptom_inquiry","triệu_chứng","1.0"
"Cảm thấy sốt","symptom_inquiry","triệu_chứng","1.0"
"Hi doctor","greeting","chào_hỏi","1.0"
"Mấy ngày nay sốt","symptom_inquiry","triệu_chứng","1.0"
"Em bé bị sốt","symptom_inquiry","triệu_chứng","1.0"
"Tình trạng nguy kịch: ngộ độc nghiêm trọng","emergency","cấp_cứu","1.0"
"Xem tốt 170","unknown","không_xác_định","1.0"
"Cách dùng thuốc aspirin","dosage_question","liều_lượng","1.0"
"Phim vui 902","unknown","không_xác_định","1.0"
"Tình trạng nguy kịch: sốc phản vệ","emergency","cấp_cứu","1.0"
"Bị mệt mỏi phải làm sao?","symptom_inquiry","triệu_chứng","1.0"
"Đi hay 920","unknown","không_xác_định","1.0"
"Thuốc aspirin có tác dụng phụ gì","side_effects","tác_dụng_phụ","1.0"
"Từ hôm qua đau đầu","symptom_inquiry","triệu_chứng","1.0"
"Thuốc ibuprofen có gây đau đầu không","side_effects","tác_dụng_phụ","1.0"
"Xem tốt 669","unknown","không_xác_định","1.0"
"Mẹ tôi bị đau bụng","symptom_inquiry","triệu_chứng","1.0"
"Phim đẹp 594","unknown","không_xác_định","1.0"
"Thuốc ibuprofen có gây chóng mặt không","side_effects","tác_dụng_phụ","1.0"
"Uống paracetamol có ảnh hưởng gì","side_effects","tác_dụng_phụ","1.0"
"Giá thuốc amoxicillin bao nhiêu","drug_question","thuốc","1.0"
"Có nên ngừng uống aspirin không vì bị đau đầu","side_effects","tác_dụng_phụ","1.0"
"Cho tôi hỏi về thuốc aspirin","drug_question","thuốc","1.0"
"Cần cấp cứu ngay vì đau ngực dữ dội","emergency","cấp_cứu","1.0"
"Xem ngon 280","unknown","không_xác_định","1.0"
"Hello doctor","greeting","chào_hỏi","1.0"
"Nhạc hay 696","unknown","không_xác_định","1.0"
"Báo động đỏ: sốt cao trên 40 độ","emergency","cấp_cứu","1.0"
"Uống paracetamol có bị buồn nôn không?","side_effects","tác_dụng_phụ","1.0"
"Chế độ ketogenic có phù hợp cho người bị rối loạn lipid máu?","diet_lifestyle","diet_lifestyle","1.0"
"Uống paracetamol xong bị đau đầu","side_effects","tác_dụng_phụ","1.0"
"Cần bác sĩ gấp: khó thở nghiêm trọng","emergency","cấp_cứu","1.0"
"Tình huống khẩn cấp: đột quỵ","emergency","cấp_cứu","1.0"
"Cần cấp cứu ngay vì co giật","emergency","cấp_cứu","1.0"
"Mẹ tôi bị ho","symptom_inquiry","triệu_chứng","1.0"
"Dinh dưỡng hợp lý","general_health","sức_khỏe_tổng_quát","1.0"
"Uống paracetamol có bị chóng mặt không?","side_effects","tác_dụng_phụ","1.0"
"Chị ấy bị đau đầu","symptom_inquiry","triệu_chứng","1.0"
"Intermittent fasting có lợi ích gì cho người tiểu đường type 2?","diet_lifestyle","diet_lifestyle","1.0"
"Ông ấy bị đau bụng","symptom_inquiry","triệu_chứng","1.0"
"Xuất hiện triệu chứng sốt","symptom_inquiry","triệu_chứng","1.0"
"Thông tin về paracetamol","drug_question","thuốc","1.0"
"Nhạc hay 145","unknown","không_xác_định","1.0"
"Ăn vui 376","unknown","không_xác_định","1.0"
"Cấp cứu! sốc phản vệ","emergency","cấp_cứu","1.0"
"Khẩn cấp: chảy máu nhiều","emergency","cấp_cứu","1.0"
"SOS! co giật","emergency","cấp_cứu","1.0"
"Thuốc amoxicillin làm tôi chóng mặt","side_effects","tác_dụng_phụ","1.0"
"Uống ibuprofen có ảnh hưởng gì","side_effects","tác_dụng_phụ","1.0"
"SOS! sốc phản vệ","emergency","cấp_cứu","1.0"
"Thuốc paracetamol làm tôi chóng mặt","side_effects","tác_dụng_phụ","1.0"
"Thuốc aspirin uống trước hay sau ăn","dosage_question","liều_lượng","1.0"
"Nhịn ăn gián đoạn ảnh hưởng gì?","diet_lifestyle","diet_lifestyle","1.0"
"Có nên ngừng uống aspirin không vì bị mệt mỏi","side_effects","tác_dụng_phụ","1.0"
"Help! mất ý thức","emergency","cấp_cứu","1.0"
"Bà ngoại bị sốt","symptom_inquiry","triệu_chứng","1.0"
"Nhạc tốt 748","unknown","không_xác_định","1.0"
"Khẩn cấp: co giật","emergency","cấp_cứu","1.0"
"Khám sức khỏe định kỳ","general_health","sức_khỏe_tổng_quát","1.0"
"Nhạc ngon 966","unknown","không_xác_định","1.0"
"Bà ngoại bị đau bụng","symptom_inquiry","triệu_chứng","1.0"
"Chị ấy bị ho","symptom_inquiry","triệu_chứng","1.0"
"Tình trạng nguy kịch: mất ý thức","emergency","cấp_cứu","1.0"
"Tác hại của thuốc ibuprofen","side_effects","tác_dụng_phụ","1.0"
"Cấp cứu! mất ý thức","emergency","cấp_cứu","1.0"
"Có triệu chứng đau bụng","symptom_inquiry","triệu_chứng","1.0"
"Có nên ngừng uống amoxicillin không vì bị buồn nôn","side_effects","tác_dụng_phụ","1.0"
"đau bụng là bệnh gì?","symptom_inquiry","triệu_chứng","1.0"
"Từ hôm qua mệt mỏi","symptom_inquiry","triệu_chứng","1.0"
"Trẻ em uống amoxicillin thế nào?","dosage_question","liều_lượng","1.0"
"Ăn ngon 208","unknown","không_xác_định","1.0"
"Từ hôm qua ho","symptom_inquiry","triệu_chứng","1.0"
"Uống ibuprofen có bị chóng mặt không?","side_effects","tác_dụng_phụ","1.0"
"Cảm thấy đau bụng","symptom_inquiry","triệu_chứng","1.0"
"Tình huống khẩn cấp: gãy xương hở","emergency","cấp_cứu","1.0"
"Thuốc amoxicillin có gây đau đầu không","side_effects","tác_dụng_phụ","1.0"
"Xem tốt 199","unknown","không_xác_định","1.0"
"SOS! ngộ độc nghiêm trọng","emergency","cấp_cứu","1.0"
"Cần cấp cứu ngay vì đột quỵ","emergency","cấp_cứu","1.0"
"Khẩn cấp: đau ngực dữ dội","emergency","cấp_cứu","1.0"
"Ăn ngon 287","unknown","không_xác_định","1.0"
"Help! tim ngừng đập","emergency","cấp_cứu","1.0"
"Thuốc aspirin làm tôi chóng mặt","side_effects","tác_dụng_phụ","1.0"
"Đi đẹp 331","unknown","không_xác_định","1.0"
"Thuốc amoxicillin có gây chóng mặt không","side_effects","tác_dụng_phụ","1.0"
"Uống aspirin xong bị buồn nôn","side_effects","tác_dụng_phụ","1.0"
"Khẩn cấp: đột quỵ","emergency","cấp_cứu","1.0"
"mệt mỏi là bệnh gì?","symptom_inquiry","triệu_chứng","1.0"
"Có triệu chứng sốt","symptom_inquiry","triệu_chứng","1.0"
"Cần cấp cứu ngay vì chảy máu nhiều","emergency","cấp_cứu","1.0"
"Khẩn cấp: gãy xương hở","emergency","cấp_cứu","1.0"
"Uống aspirin xong bị chóng mặt","side_effects","tác_dụng_phụ","1.0"
"Ăn ngon 127","unknown","không_xác_định","1.0"
"Thuốc ibuprofen làm tôi buồn nôn","side_effects","tác_dụng_phụ","1.0"
"Khẩn cấp: tim ngừng đập","emergency","cấp_cứu","1.0"
"Liều tối đa của amoxicillin","dosage_question","liều_lượng","1.0"
"Phim hay 302","unknown","không_xác_định","1.0"
"Thuốc paracetamol làm tôi buồn nôn","side_effects","tác_dụng_phụ","1.0"
"Nhạc hay 289","unknown","không_xác_định","1.0"
"Gấp! đột quỵ","emergency","cấp_cứu","1.0"
"Cách dùng thuốc ibuprofen","dosage_question","liều_lượng","1.0"
"Liều tối đa của paracetamol","dosage_question","liều_lượng","1.0"
"Ăn đẹp 170","unknown","không_xác_định","1.0"
"Ăn ngon 269","unknown","không_xác_định","1.0"
"Báo động đỏ: gãy xương hở","emergency","cấp_cứu","1.0"
"Ăn đẹp 327","unknown","không_xác_định","1.0"
"Metoprolol và amlodipine dùng chung có an toàn?","drug_interaction","drug_interaction","1.0"
"Có nên ngừng uống amoxicillin không vì bị chóng mặt","side_effects","tác_dụng_phụ","1.0"
"Thuốc paracetamol gây ra triệu chứng gì","side_effects","tác_dụng_phụ","1.0"
"Liều tối đa của ibuprofen","dosage_question","liều_lượng","1.0"
"Ăn ngon 713","unknown","không_xác_định","1.0"
"Nhạc hay 943","unknown","không_xác_định","1.0"
"Bác sĩ kê đơn cefixime 200mg uống 12 tiếng một lần trong 7 ngày","symptom_inquiry","symptom_inquiry","1.0"
"Con tôi bị mệt mỏi","symptom_inquiry","triệu_chứng","1.0"
"Có dấu hiệu sốt","symptom_inquiry","triệu_chứng","1.0"
"Uống paracetamol có bị mệt mỏi không?","side_effects","tác_dụng_phụ","1.0"
"Xem tốt 884","unknown","không_xác_định","1.0"
"Thuốc paracetamol uống mấy lần một ngày","dosage_question","liều_lượng","1.0"
"Liều khởi đầu của ibuprofen","dosage_question","liều_lượng","1.0"
"Isotretinoin có ảnh hưởng đến thai nhi như thế nào?","side_effects","side_effects","1.0"
"Chị ấy bị mệt mỏi","symptom_inquiry","triệu_chứng","1.0"
"Nhạc ngon 769","unknown","không_xác_định","1.0"
"Tôi đang uống A, giờ uống thêm B có sao không?","drug_interaction","drug_interaction","1.0"
"Uống amoxicillin xong bị chóng mặt","side_effects","tác_dụng_phụ","1.0"
"Đi đẹp 179","unknown","không_xác_định","1.0"
"Uống ibuprofen xong bị buồn nôn","side_effects","tác_dụng_phụ","1.0"
"Đi hay 374","unknown","không_xác_định","1.0"
"Có dấu hiệu đau đầu","symptom_inquiry","triệu_chứng","1.0"
"Cấp cứu! sốt cao trên 40 độ","emergency","cấp_cứu","1.0"
"Thuốc paracetamol có độc hại không","side_effects","tác_dụng_phụ","1.0"
"Xem hay 247","unknown","không_xác_định","1.0"
"Đi vui 953","unknown","không_xác_định","1.0"
"Ăn tốt 703","unknown","không_xác_định","1.0"
"Nhạc ngon 871","unknown","không_xác_định","1.0"
"!@#$%","unknown","không_xác_định","1.0"
"Báo động đỏ: sốc phản vệ","emergency","cấp_cứu","1.0"
"Thuốc amoxicillin có gây mệt mỏi không","side_effects","tác_dụng_phụ","1.0"
"Ăn vui 556","unknown","không_xác_định","1.0"
"Cần cấp cứu ngay vì ngộ độc nghiêm trọng","emergency","cấp_cứu","1.0"
"Xem ngon 846","unknown","không_xác_định","1.0"
"Liệu pháp miễn dịch checkpoint inhibitor cho ung thư phổi","medical_procedure","medical_procedure","1.0"
"Nhạc hay 582","unknown","không_xác_định","1.0"
"Thuốc paracetamol có gây mệt mỏi không","side_effects","tác_dụng_phụ","1.0"
"Cấp cứu! tim ngừng đập","emergency","cấp_cứu","1.0"
"Báo động đỏ: ngộ độc nghiêm trọng","emergency","cấp_cứu","1.0"
"Xem hay 921","unknown","không_xác_định","1.0"
"Có nên ngừng uống ibuprofen không vì bị buồn nôn","side_effects","tác_dụng_phụ","1.0"
"Đang bị sốt","symptom_inquiry","triệu_chứng","1.0"
"Tình huống khẩn cấp: khó thở nghiêm trọng","emergency","cấp_cứu","1.0"
"Xem tốt 907","unknown","không_xác_định","1.0"
"Phim đẹp 117","unknown","không_xác_định","1.0"
"Báo động đỏ: tim ngừng đập","emergency","cấp_cứu","1.0"
"Nhạc hay 896","unknown","không_xác_định","1.0"
"Ăn vui 284","unknown","không_xác_định","1.0"
"Uống ibuprofen xong bị chóng mặt","side_effects","tác_dụng_phụ","1.0"
"Thuốc aspirin có gây đau đầu không","side_effects","tác_dụng_phụ","1.0"
"Cần bác sĩ gấp: đau ngực dữ dội","emergency","cấp_cứu","1.0"
"Nhạc đẹp 372","unknown","không_xác_định","1.0"
"lorem ipsum","unknown","không_xác_định","1.0"
"Uống amoxicillin có bị đau đầu không?","side_effects","tác_dụng_phụ","1.0"
"Help! đau ngực dữ dội","emergency","cấp_cứu","1.0"
"Xem ngon 587","unknown","không_xác_định","1.0"
"Thuốc aspirin có gây buồn nôn không","side_effects","tác_dụng_phụ","1.0"
"Ăn tốt 482","unknown","không_xác_định","1.0"
"Đi tốt 861","unknown","không_xác_định","1.0"
"Có dấu hiệu đau bụng","symptom_inquiry","triệu_chứng","1.0"
"Ông ấy bị mệt mỏi","symptom_inquiry","triệu_chứng","1.0"
"Thuốc aspirin có gây mệt mỏi không","side_effects","tác_dụng_phụ","1.0"
"Uống aspirin xong bị mệt mỏi","side_effects","tác_dụng_phụ","1.0"
"Ăn vui 917","unknown","không_xác_định","1.0"
"Đi vui 699","unknown","không_xác_định","1.0"
"Xem tốt 326","unknown","không_xác_định","1.0"
"Thuốc amoxicillin làm tôi mệt mỏi","side_effects","tác_dụng_phụ","1.0"
"Ăn vui 147","unknown","không_xác_định","1.0"
"Liều dùng của amoxicillin","dosage_question","liều_lượng","1.0"
"Cần bác sĩ gấp: ngộ độc nghiêm trọng","emergency","cấp_cứu","1.0"
"Uống ibuprofen bao nhiêu mg một ngày?","dosage_question","liều_lượng","1.0"
"abcdefg","unknown","không_xác_định","1.0"
"Uống paracetamol có bị đau đầu không?","side_effects","tác_dụng_phụ","1.0"
"Gấp! ngộ độc nghiêm trọng","emergency","cấp_cứu","1.0"
"Sau khi uống paracetamol bị chóng mặt","side_effects","tác_dụng_phụ","1.0"
"Cấp cứu! khó thở nghiêm trọng","emergency","cấp_cứu","1.0"
"Nhạc tốt 881","unknown","không_xác_định","1.0"
"Uống ibuprofen có bị mệt mỏi không?","side_effects","tác_dụng_phụ","1.0"
"Help! sốt cao trên 40 độ","emergency","cấp_cứu","1.0"
"Phim ngon 729","unknown","không_xác_định","1.0"
"Phim vui 175","unknown","không_xác_định","1.0"
"Nhạc hay 337","unknown","không_xác_định","1.0"
"Hướng dẫn sử dụng amoxicillin","dosage_question","liều_lượng","1.0"
"Nhạc tốt 212","unknown","không_xác_định","1.0"
"Đi ngon 870","unknown","không_xác_định","1.0"
"Sau khi uống amoxicillin bị buồn nôn","side_effects","tác_dụng_phụ","1.0"
"Nhạc hay 602","unknown","không_xác_định","1.0"
"Đi đẹp 327","unknown","không_xác_định","1.0"
"Xem hay 546","unknown","không_xác_định","1.0"
"Ăn tốt 229","unknown","không_xác_định","1.0"
"Ăn đẹp 883","unknown","không_xác_định","1.0"
"Có nên ngừng uống aspirin không vì bị chóng mặt","side_effects","tác_dụng_phụ","1.0"
"Có nên ngừng uống paracetamol không vì bị chóng mặt","side_effects","tác_dụng_phụ","1.0"
"Nhạc tốt 895","unknown","không_xác_định","1.0"
"Ăn hay 641","unknown","không_xác_định","1.0"
"Cần cấp cứu ngay vì mất ý thức","emergency","cấp_cứu","1.0"
"Cách sử dụng amoxicillin đúng","dosage_question","liều_lượng","1.0"
"Cần bác sĩ gấp: sốc phản vệ","emergency","cấp_cứu","1.0"
"Ăn hay 152","unknown","không_xác_định","1.0"
"Khẩn cấp: ngộ độc nghiêm trọng","emergency","cấp_cứu","1.0"
"Ăn hay 758","unknown","không_xác_định","1.0"
"Nhạc vui 559","unknown","không_xác_định","1.0"
"Uống amoxicillin xong bị đau đầu","side_effects","tác_dụng_phụ","1.0"
"Thuốc ibuprofen làm tôi chóng mặt","side_effects","tác_dụng_phụ","1.0"
"Tình trạng nguy kịch: chảy máu nhiều","emergency","cấp_cứu","1.0"
"Có nên ngừng uống ibuprofen không vì bị mệt mỏi","side_effects","tác_dụng_phụ","1.0"
"Uống aspirin có bị chóng mặt không?","side_effects","tác_dụng_phụ","1.0"
"Tình trạng nguy kịch: sốt cao trên 40 độ","emergency","cấp_cứu","1.0"
"Ăn đẹp 515","unknown","không_xác_định","1.0"
"Thuốc amoxicillin có gây buồn nôn không","side_effects","tác_dụng_phụ","1.0"
"Đi đẹp 828","unknown","không_xác_định","1.0"
"Tình huống khẩn cấp: đau ngực dữ dội","emergency","cấp_cứu","1.0"
"Em bé bị đau đầu","symptom_inquiry","triệu_chứng","1.0"
"Tình huống khẩn cấp: co giật","emergency","cấp_cứu","1.0"
"Nhạc hay 266","unknown","không_xác_định","1.0"
"Nhạc tốt 495","unknown","không_xác_định","1.0"
"Gấp! gãy xương hở","emergency","cấp_cứu","1.0"
"Uống thuốc aspirin như thế nào","dosage_question","liều_lượng","1.0"
"Gấp! đau ngực dữ dội","emergency","cấp_cứu","1.0"
"Ăn ngon 222","unknown","không_xác_định","1.0"
"Uống paracetamol xong bị mệt mỏi","side_effects","tác_dụng_phụ","1.0"
"Đi đẹp 956","unknown","không_xác_định","1.0"
"Phim tốt 137","unknown","không_xác_định","1.0"
"Tình huống khẩn cấp: chảy máu nhiều","emergency","cấp_cứu","1.0"
"Nhạc hay 505","unknown","không_xác_định","1.0"
"Thời tiết thế nào","unknown","không_xác_định","1.0"
"Tình trạng nguy kịch: đột quỵ","emergency","cấp_cứu","1.0"
"Có nên ngừng uống paracetamol không vì bị mệt mỏi","side_effects","tác_dụng_phụ","1.0"
"Đi ngon 971","unknown","không_xác_định","1.0"
"Ăn hay 599","unknown","không_xác_định","1.0"
"Sau khi uống ibuprofen bị buồn nôn","side_effects","tác_dụng_phụ","1.0"
"Nhạc hay 879","unknown","không_xác_định","1.0"
"Đi vui 818","unknown","không_xác_định","1.0"
"Xem vui 318","unknown","không_xác_định","1.0"
"Báo động đỏ: chảy máu nhiều","emergency","cấp_cứu","1.0"
"Tình huống khẩn cấp: ngộ độc nghiêm trọng","emergency","cấp_cứu","1.0"
"Nhạc vui 409","unknown","không_xác_định","1.0"
"Phim ngon 963","unknown","không_xác_định","1.0"
"Xem đẹp 387","unknown","không_xác_định","1.0"
"Tình huống khẩn cấp: sốt cao trên 40 độ","emergency","cấp_cứu","1.0"
"Uống paracetamol xong bị chóng mặt","side_effects","tác_dụng_phụ","1.0"
"Gấp! mất ý thức","emergency","cấp_cứu","1.0"
"Ăn ngon 342","unknown","không_xác_định","1.0"
"Thuốc paracetamol làm tôi đau đầu","side_effects","tác_dụng_phụ","1.0"
"Xem tốt 724","unknown","không_xác_định","1.0"
"Nhạc vui 713","unknown","không_xác_định","1.0"
"Ăn ngon 616","unknown","không_xác_định","1.0"
"Hôm nay giá vàng tăng hay giảm?","unknown","không_xác_định","1.0"
"Đi ngon 839","unknown","không_xác_định","1.0"
"Công thức *chữa* cháy","unknown","không_xác_định","1.0"
"Thuốc paracetamol có gây đau đầu không","side_effects","tác_dụng_phụ","1.0"
"Thuốc ibuprofen làm tôi đau đầu","side_effects","tác_dụng_phụ","1.0"
"Cách *điều trị* bệnh lười biếng","unknown","không_xác_định","1.0"
"Thuốc aspirin làm tôi mệt mỏi","side_effects","tác_dụng_phụ","1.0"
"Ăn hay 211","unknown","không_xác_định","1.0"
"Ăn đẹp 944","unknown","không_xác_định","1.0"
"Đi ngon 110","unknown","không_xác_định","1.0"
"Uống amoxicillin có bị mệt mỏi không?","side_effects","tác_dụng_phụ","1.0"
"Ăn đẹp 632","unknown","không_xác_định","1.0"
"Nhạc ngon 299","unknown","không_xác_định","1.0"
"Xem đẹp 401","unknown","không_xác_định","1.0"
"Ăn gì ngon","unknown","không_xác_định","1.0"
"Nhạc vui 814","unknown","không_xác_định","1.0"
"Phim tốt 398","unknown","không_xác_định","1.0"
"Ăn vui 698","unknown","không_xác_định","1.0"
"Đi tốt 663","unknown","không_xác_định","1.0"
"Ăn vui 527","unknown","không_xác_định","1.0"
"Cần cấp cứu ngay vì sốt cao trên 40 độ","emergency","cấp_cứu","1.0"
"Tình trạng nguy kịch: khó thở nghiêm trọng","emergency","cấp_cứu","1.0"
"Đi vui 853","unknown","không_xác_định","1.0"
"Nhạc hay 607","unknown","không_xác_định","1.0"
"Đi đẹp 497","unknown","không_xác_định","1.0"
"Ăn hay 991","unknown","không_xác_định","1.0"
"Xem hay 366","unknown","không_xác_định","1.0"
"Phim đẹp 933","unknown","không_xác_định","1.0"
"Nhạc tốt 845","unknown","không_xác_định","1.0"
"Nhạc tốt 293","unknown","không_xác_định","1.0"
"Đi vui 660","unknown","không_xác_định","1.0"
"Ăn hay 846","unknown","không_xác_định","1.0"
"Ăn ngon 502","unknown","không_xác_định","1.0"
"Khẩn cấp: sốc phản vệ","emergency","cấp_cứu","1.0"
"Ăn đẹp 493","unknown","không_xác_định","1.0"
"Ăn tốt 311","unknown","không_xác_định","1.0"
"Xem đẹp 623","unknown","không_xác_định","1.0"
"Đi đẹp 962","unknown","không_xác_định","1.0"
"Nhạc ngon 433","unknown","không_xác_định","1.0"
"Phim ngon 831","unknown","không_xác_định","1.0"
"Ăn vui 771","unknown","không_xác_định","1.0"
"Nhạc nào hay","unknown","không_xác_định","1.0"
"Xem đẹp 830","unknown","không_xác_định","1.0"
"Thuốc paracetamol có gây buồn nôn không","side_effects","tác_dụng_phụ","1.0"
"Phim tốt 967","unknown","không_xác_định","1.0"
"Nhạc hay 384","unknown","không_xác_định","1.0"
"Ăn hay 282","unknown","không_xác_định","1.0"
"Cần cấp cứu ngay vì gãy xương hở","emergency","cấp_cứu","1.0"
"Uống ibuprofen có bị buồn nôn không?","side_effects","tác_dụng_phụ","1.0"
"Xem tốt 327","unknown","không_xác_định","1.0"
"Xem hay 995","unknown","không_xác_định","1.0"
"Đi ngon 978","unknown","không_xác_định","1.0"
"Có nên ngừng uống amoxicillin không vì bị đau đầu","side_effects","tác_dụng_phụ","1.0"
"Đi ngon 193","unknown","không_xác_định","1.0"
"Đi đẹp 522","unknown","không_xác_định","1.0"
"random text","unknown","không_xác_định","1.0"
"Đi hay 310","unknown","không_xác_định","1.0"
"Sau khi uống paracetamol bị mệt mỏi","side_effects","tác_dụng_phụ","1.0"
"Phim tốt 196","unknown","không_xác_định","1.0"
"Uống aspirin có bị buồn nôn không?","side_effects","tác_dụng_phụ","1.0"
"Phim tốt 677","unknown","không_xác_định","1.0"
"Báo động đỏ: đột quỵ","emergency","cấp_cứu","1.0"
"Phim ngon 861","unknown","không_xác_định","1.0"
"Nhạc ngon 139","unknown","không_xác_định","1.0"
"Khẩn cấp: khó thở nghiêm trọng","emergency","cấp_cứu","1.0"
"Sau khi uống aspirin bị chóng mặt","side_effects","tác_dụng_phụ","1.0"
"Xem tốt 957","unknown","không_xác_định","1.0"
"Đi vui 267","unknown","không_xác_định","1.0"
"Thuốc amoxicillin làm tôi buồn nôn","side_effects","tác_dụng_phụ","1.0"
"Phim tốt 307","unknown","không_xác_định","1.0"
"Nhạc tốt 555","unknown","không_xác_định","1.0"
"Phim tốt 146","unknown","không_xác_định","1.0"
"SOS! đột quỵ","emergency","cấp_cứu","1.0"
"Đi vui 256","unknown","không_xác_định","1.0"
"Gấp! khó thở nghiêm trọng","emergency","cấp_cứu","1.0"
"Phim hay 557","unknown","không_xác_định","1.0"
"Ăn ngon 444","unknown","không_xác_định","1.0"
"Uống ibuprofen xong bị đau đầu","side_effects","tác_dụng_phụ","1.0"
"Nhạc ngon 564","unknown","không_xác_định","1.0"
"Phim tốt 580","unknown","không_xác_định","1.0"
"Nhạc tốt 572","unknown","không_xác_định","1.0"
"Xem vui 891","unknown","không_xác_định","1.0"
"Tình huống khẩn cấp: tim ngừng đập","emergency","cấp_cứu","1.0"
"Ăn tốt 393","unknown","không_xác_định","1.0"
"Ăn hay 928","unknown","không_xác_định","1.0"
"Sau khi uống paracetamol bị đau đầu","side_effects","tác_dụng_phụ","1.0"
"Nhạc tốt 570","unknown","không_xác_định","1.0"
"Đi tốt 564","unknown","không_xác_định","1.0"
"Phim hay gì","unknown","không_xác_định","1.0"
"Nhạc ngon 271","unknown","không_xác_định","1.0"
"Đi tốt 262","unknown","không_xác_định","1.0"
"Ăn ngon 110","unknown","không_xác_định","1.0"
"Xem hay 792","unknown","không_xác_định","1.0"
"Nhạc ngon 534","unknown","không_xác_định","1.0"
"Xem tốt 611","unknown","không_xác_định","1.0"
"Nhạc tốt 347","unknown","không_xác_định","1.0"
"Phim ngon 115","unknown","không_xác_định","1.0"
"Cấp cứu! đột quỵ","emergency","cấp_cứu","1.0"
"Tình huống khẩn cấp: sốc phản vệ","emergency","cấp_cứu","1.0"
"Ăn ngon 250","unknown","không_xác_định","1.0"
"Đi vui 153","unknown","không_xác_định","1.0"
"Phim tốt 114","unknown","không_xác_định","1.0"
"Đi đẹp 466","unknown","không_xác_định","1.0"
"Xem đẹp 724","unknown","không_xác_định","1.0"
"Báo động đỏ: đau ngực dữ dội","emergency","cấp_cứu","1.0"
"không liên quan","unknown","không_xác_định","1.0"
"Đi hay 925","unknown","không_xác_định","1.0"
"Phim đẹp 756","unknown","không_xác_định","1.0"
"Nhạc hay 841","unknown","không_xác_định","1.0"
"Ăn tốt 855","unknown","không_xác_định","1.0"
"Xem ngon 856","unknown","không_xác_định","1.0"
"Ăn hay 137","unknown","không_xác_định","1.0"
"Xem đẹp 418","unknown","không_xác_định","1.0"
"Phim hay 657","unknown","không_xác_định","1.0"
"Phim ngon 857","unknown","không_xác_định","1.0"
"Ăn vui 117","unknown","không_xác_định","1.0"
"Phim tốt 533","unknown","không_xác_định","1.0"
"aaaaaa","unknown","không_xác_định","1.0"
"Cần bác sĩ gấp: tim ngừng đập","emergency","cấp_cứu","1.0"
"Xem đẹp 482","unknown","không_xác_định","1.0"
"Nhạc đẹp 978","unknown","không_xác_định","1.0"
"Đi đâu chơi","unknown","không_xác_định","1.0"
"Xem đẹp 791","unknown","không_xác_định","1.0"
"Công thức nấu phở bò ngon như thế nào?","unknown","không_xác_định","1.0"
"Phim hay 493","unknown","không_xác_định","1.0"
"Nhạc tốt 151","unknown","không_xác_định","1.0"
"Xem ngon 590","unknown","không_xác_định","1.0"
"Ăn hay 623","unknown","không_xác_định","1.0"
"Ăn đẹp 411","unknown","không_xác_định","1.0"
"Ăn hay 753","unknown","không_xác_định","1.0"
"Ăn ngon 539","unknown","không_xác_định","1.0"
"Nhạc tốt 622","unknown","không_xác_định","1.0"
"Ăn ngon 828","unknown","không_xác_định","1.0"
"Phim ngon 556","unknown","không_xác_định","1.0"
"Nhạc hay 292","unknown","không_xác_định","1.0"
"Ăn đẹp 387","unknown","không_xác_định","1.0"
"Nhạc ngon 960","unknown","không_xác_định","1.0"
"Thuốc ibuprofen có gây mệt mỏi không","side_effects","tác_dụng_phụ","1.0"
"Ăn hay 814","unknown","không_xác_định","1.0"
"Cần bác sĩ gấp: chảy máu nhiều","emergency","cấp_cứu","1.0"
"Ăn tốt 625","unknown","không_xác_định","1.0"
"Xem vui 453","unknown","không_xác_định","1.0"
"Phim đẹp 505","unknown","không_xác_định","1.0"
"Sau khi uống ibuprofen bị mệt mỏi","side_effects","tác_dụng_phụ","1.0"
"Đi tốt 552","unknown","không_xác_định","1.0"
"Xem hay 936","unknown","không_xác_định","1.0"
"Ăn ngon 131","unknown","không_xác_định","1.0"
"Xem ngon 602","unknown","không_xác_định","1.0"
"Phim tốt 138","unknown","không_xác_định","1.0"
"Xem tốt 972","unknown","không_xác_định","1.0"
"Ăn hay 488","unknown","không_xác_định","1.0"
"Gấp! sốc phản vệ","emergency","cấp_cứu","1.0"
"Nhạc ngon 947","unknown","không_xác_định","1.0"
"Xem đẹp 661","unknown","không_xác_định","1.0"
"văn bản vô nghĩa","unknown","không_xác_định","1.0"
"Đi tốt 729","unknown","không_xác_định","1.0"
"Phim đẹp 928","unknown","không_xác_định","1.0"
"Ăn ngon 175","unknown","không_xác_định","1.0"
"Phim ngon 244","unknown","không_xác_định","1.0"
"Phim tốt 417","unknown","không_xác_định","1.0"
"Đi đẹp 770","unknown","không_xác_định","1.0"
"Xem tốt 332","unknown","không_xác_định","1.0"
"Phim tốt 484","unknown","không_xác_định","1.0"
"Nhạc ngon 157","unknown","không_xác_định","1.0"
"Ăn vui 982","unknown","không_xác_định","1.0"
"Xem hay 176","unknown","không_xác_định","1.0"
"Mùa hè này nên đi du lịch Đà Lạt hay Sapa?","unknown","không_xác_định","1.0"
"Xem vui 816","unknown","không_xác_định","1.0"
"Ăn đẹp 822","unknown","không_xác_định","1.0"
"Xem đẹp 893","unknown","không_xác_định","1.0"
"Nhạc hay 315","unknown","không_xác_định","1.0"
"Phim đẹp 257","unknown","không_xác_định","1.0"
"Nhạc ngon 568","unknown","không_xác_định","1.0"
"Phim vui 161","unknown","không_xác_định","1.0"
"Gấp! sốt cao trên 40 độ","emergency","cấp_cứu","1.0"
"Nhạc vui 734","unknown","không_xác_định","1.0"
"Phim tốt 564","unknown","không_xác_định","1.0"
"Nhạc vui 651","unknown","không_xác_định","1.0"
"Ăn vui 918","unknown","không_xác_định","1.0"
"Xem ngon 887","unknown","không_xác_định","1.0"
"Đi hay 491","unknown","không_xác_định","1.0"
"Help! đột quỵ","emergency","cấp_cứu","1.0"
"Nhạc ngon 238","unknown","không_xác_định","1.0"
"Đi tốt 762","unknown","không_xác_định","1.0"
"Sau khi uống amoxicillin bị mệt mỏi","side_effects","tác_dụng_phụ","1.0"
"Đi ngon 383","unknown","không_xác_định","1.0"
"Ăn ngon 940","unknown","không_xác_định","1.0"
"Ăn ngon 916","unknown","không_xác_định","1.0"
"blah blah","unknown","không_xác_định","1.0"
"Xem vui 722","unknown","không_xác_định","1.0"
"Đi đẹp 135","unknown","không_xác_định","1.0"
"Ăn hay 946","unknown","không_xác_định","1.0"
"Đi ngon 267","unknown","không_xác_định","1.0"
"Ăn tốt 803","unknown","không_xác_định","1.0"
"Phim vui 727","unknown","không_xác_định","1.0"
"bbbccc","unknown","không_xác_định","1.0"
"Đi đẹp 897","unknown","không_xác_định","1.0"
"Ăn vui 173","unknown","không_xác_định","1.0"
"Phim ngon 731","unknown","không_xác_định","1.0"
"Ăn ngon 187","unknown","không_xác_định","1.0"
"Phim hay 861","unknown","không_xác_định","1.0"
"Nhạc hay 865","unknown","không_xác_định","1.0"
"Xem tốt 675","unknown","không_xác_định","1.0"
